NAZWAOSIED,bult_up_area_share_[%],density of bike roads [km/km2],expected density of bike roads [km/km2],density gap,DEDYKOWANA_density[km/km2],REKREACYJNA_I_UZUPELNIAJACA_density[km/km2],WSPOLDZIELONA_Z_RUCHEM_OGOLNYM_density[km/km2],expected dedicated density,expected recreational denstiy,expected wspoldzielona denstiy,oczekiwana gęstość infrastruktury dedykowanej,oczekiwana gęstość infrastruktury rekreacyjnej i uzupełniającej,oczekiwana gęstość infrastruktury współdzielonej,Typ deficytu,Field16,Field17,Field18
Bieńkowice,11.632,2.54149910349722,2.8239216,-0.28242249650278,0.227839653033923,0.717220669917181,1.59643878054612,1.6014864,1.2386424,1.529908,-1.37364674696608,-0.521421730082819,0.0665307805461199,2,,,
Biskupin - Sępolno - Dąbie - Bartoszowice,40.879,12.4153527301564,8.7113427,3.7040100301564,2.52670717041442,3.92888551058076,5.95976004916121,3.9470958,1.6247028,4.279126,-1.42038862958558,2.30418271058076,1.68063404916121,4,,,
Borek,55.433,11.9734008197538,11.6410629,0.332337919753801,3.71190615264884,2.46641249552437,5.79508217158054,5.1143266,1.8168156,5.647202,-1.40242044735116,0.649596895524374,0.147880171580536,4,,,
Brochów,27.142,5.99470188333333,5.9460846,0.0486172833333303,0.286187629382696,1.49294150778598,4.21557274616466,2.8453884,1.4433744,2.987848,-2.5592007706173,0.0495671077859787,1.22772474616466,4,,,
Gądów - Popowice Płd.,41.169,5.03664217899003,8.7697197,-3.73307752100997,2.99062933285046,2.90686035945443,7.06610407050849,3.9703538,1.6285308,4.306386,-0.979724467149537,1.27832955945443,2.75971807050849,4,,,
Gaj,39.923,15.7035805434389,8.5188999,7.1846806434389,0.830370864835089,0.923320410109204,5.23031363316592,3.8704246,1.6120836,4.189262,-3.04005373516491,-0.688763189890796,1.04105163316592,2,,,
Gajowice,55.872,10.5947272580242,11.7294336,-1.1347063419758,4.12552600245138,1.05525461415792,4.07471365720884,5.1495344,1.8226104,5.688468,-1.02400839754862,-0.767355785842075,-1.61375434279116,1,,,
Grabiszyn - Grabiszynek,42.339,11.0667297490257,9.0052407,2.0614890490257,3.34612318050687,3.73867089009827,3.9819356784206,4.0641878,1.6439748,4.416366,-0.718064619493125,2.09469609009827,-0.4344303215794,3,,,
Huby,45.604,14.4875828899985,9.6624852,4.8250976899985,6.85131743621539,2.79265189097774,4.84361356280532,4.3260408,1.6870728,4.723276,2.52527663621539,1.10557909097774,0.120337562805325,8,,,
Jagodno,45.894,6.15359988535269,9.7208622,-3.56726231464731,1.777488253851,0.217302955866881,4.15880867563481,4.3492988,1.6909008,4.750536,-2.571810546149,-1.47359784413312,-0.591727324365188,1,,,
Jerzmanowo - Jarnołtów - Strachowice - Osiniec,10.622,1.33920089153284,2.6206086,-1.28140770846716,0.556190325766165,0.178734208541119,0.604276357225554,1.5204844,1.2253104,1.434968,-0.964294074233835,-1.04657619145888,-0.830691642774446,1,,,
Karłowice - Różanka,36.055,6.50321088514826,7.7402715,-1.23706061485174,2.50807875750981,0.940978693339476,3.05415343429897,3.560211,1.561026,3.82567,-1.05213224249019,-0.620047306660524,-0.771516565701027,1,,,
Klecina,31.981,5.17726511083634,6.9201753,-1.74291018916366,1.93501786459623,0.573703983152805,2.6685432630873,3.2334762,1.5072492,3.442714,-1.29845833540377,-0.933545216847195,-0.774170736912696,1,,,
Kleczków,33.481,5.58827442772583,7.2221253,-1.63385087227417,2.50767050632028,1.1569087021519,1.92369521925365,3.3537762,1.5270492,3.583714,-0.846105693679718,-0.370140497848102,-1.66001878074635,1,,,
Kowale,28.238,3.64156973348309,6.1667094,-2.52513966651691,0.66928922728491,1.16584388563358,1.8064366205646,2.9332876,1.4578416,3.090872,-2.26399837271509,-0.291997714366423,-1.2844353794354,1,,,
Krzyki - Partynice,50.83,8.90254871001538,10.714479,-1.81193028998462,1.64451753215963,1.52966512555213,5.72836605230362,4.745166,1.756056,5.21452,-3.10064846784037,-0.226390874447867,0.513846052303617,2,,,
Księże,12.302,2.84953724697303,2.9587926,-0.10925535302697,0.00654930606394862,1.67940256018881,1.16358538072027,1.6552204,1.2474864,1.592888,-1.64867109393605,0.431916160188812,-0.429302619279734,3,,,
Kuźniki,44.077,8.89098279680167,9.3551001,-0.46411730319833,0.375923253018413,0.70000732777594,7.81505221600731,4.2035754,1.6669164,4.579738,-3.82765214698159,-0.96690907222406,3.23531421600731,2,,,
Leśnica,16.61,3.28951921819922,3.825993,-0.53647378180078,0.523594206681491,1.10418689939127,1.66173811212646,2.000722,1.304352,1.99784,-1.47712779331851,-0.200165100608731,-0.336101887873537,1,,,
Lipa Piotrowska,34.233,3.81362925745579,7.3735029,-3.55987364254421,1.73117297027052,0.118835123537525,1.96362116364774,3.4140866,1.5369756,3.654402,-1.68291362972948,-1.41814047646247,-1.69078083635226,1,,,
Maślice,29.001,5.31169392890119,6.3203013,-1.00860737109881,0.853386192440076,0.888217869248762,3.57008986721235,2.9944802,1.4679132,3.162594,-2.14109400755992,-0.579695330751238,0.407495867212346,2,,,
Muchobór Mały,34.603,4.96431606838672,7.4479839,-2.48366783161328,1.6975670155111,0.0807783418459113,3.18597071102971,3.4437606,1.5418596,3.689182,-1.7461935844889,-1.46108125815409,-0.503211288970294,1,,,
Muchobór Wielki,30.369,4.36198501221703,6.5956797,-2.23369468778297,0.857673985406177,0.466330213849471,3.03798081296138,3.1041938,1.4859708,3.291186,-2.24651981459382,-1.01964058615053,-0.253205187038619,1,,,
Nadodrze,55.992,14.2871006940047,11.7535896,2.5335110940047,5.84740680848313,2.85244566134655,5.58724822417498,5.1591584,1.8241944,5.699748,0.688248408483133,1.02825126134655,-0.112499775825023,7,,,
Nowy Dwór,30.716,10.6172943846837,6.6655308,3.9517635846837,3.17789513217817,0.0247411948490398,7.4146580576565,3.1320232,1.4905512,3.323804,0.0458719321781711,-1.46581000515096,4.0908540576565,6,,,
Ołbin,45.797,11.9520132022146,9.7013361,2.2506771022146,2.53133178699092,3.04726996792138,6.37341144730226,4.3415194,1.6896204,4.741418,-1.81018761300908,1.35764956792138,1.63199344730226,4,,,
Ołtaszyn,51.377,8.53414931996397,10.8245901,-2.29044078003603,0.459170794077969,0.443304547499421,7.63167397838658,4.7890354,1.7632764,5.265938,-4.32986460592203,-1.31997185250058,2.36573597838658,2,,,
Oporów,38.321,4.99561908502161,8.1964173,-3.20079821497839,1.28939456272137,0.551581971915473,3.15464255038477,3.7419442,1.5909372,4.038674,-2.45254963727863,-1.03935522808453,-0.884031449615229,1,,typ deficytu,ilość osiedli
Osobowice - Rędzin,3.158,3.64486780481787,1.1181054,2.52676240481787,0.411631133484144,2.47841170280679,0.754824968526927,0.9218716,1.1267856,0.733352,-0.510240466515856,1.35162610280679,0.0214729685269267,4,,"1","15"
Pawłowice,17.652,3.2650813533795,4.0357476,-0.770666246620501,0,0.331433206922675,2.93364814645683,2.0842904,1.3181064,2.095788,-2.0842904,-0.986673193077325,0.837860146456827,2,,"2","13"
Pilczyce - Kozanów - Popowice Płn.,22.236,9.89783157901499,4.9585068,4.93932477901499,2.85588448240765,4.44124232139423,2.6007047752131,2.4519272,1.3786152,2.526684,0.403957282407652,3.06262712139423,0.0740207752130999,8,,"3","5"
Plac Grunwaldzki,63.911,11.9033835245542,13.3476843,-1.4443007754458,5.59572501179483,1.18897853222053,5.11867998053886,5.7942622,1.9287252,6.444134,-0.19853718820517,-0.739746667779474,-1.32545401946114,1,,"4","7"
Polanowice - Poświętne - Ligota,25.659,4.41360684911497,5.6475567,-1.23394985088503,1.13481417415739,0.410966372784777,2.8678263021728,2.7264518,1.4237988,2.848446,-1.59163762584261,-1.01283242721522,0.019380302172805,2,,"5","0"
Powstańców Śląskich,57.766,10.5038932768234,12.1106958,-1.6068025231766,4.12127293688922,1.2769803173682,5.10564002256601,5.3014332,1.8476112,5.866504,-1.18016026311078,-0.570630882631803,-0.760863977433994,1,,"6","2"
Pracze Odrzańskie,10.908,2.64327695436953,2.6781804,-0.0349034456304702,0.196013712946384,1.87123680350396,0.576026437919182,1.5434216,1.2290856,1.461852,-1.34740788705362,0.642151203503961,-0.885825562080818,3,,"7","3"
Przedmieście Oławskie,27.57,7.45499233043098,6.032241,1.42275133043098,4.12445763392613,2.10910597424994,1.22142872225491,2.879714,1.449024,3.02808,1.24474363392613,0.660081974249942,-1.80665127774509,7,,"8","3"
Przedmieście Świdnickie,64.333,13.3806245112144,13.4326329,-0.0520083887856,6.29088585837787,2.64467233547699,4.44506631735954,5.8281066,1.9342956,6.483802,0.46277925837787,0.710376735476987,-2.03873568264046,7,,Suma,"48"
Psie Pole - Zawidawie,26.085,3.34610317141803,5.7333105,-2.38720732858197,0.476179536486749,0.984328477883882,1.8855951570474,2.760617,1.429422,2.88849,-2.28443746351325,-0.445093522116118,-1.0028948429526,1,,,
Sołtysowice,15.64,3.44409546864551,3.630732,-0.186636531354491,0.164104887999802,1.2713302923209,2.0086602883248,1.922928,1.291548,1.90666,-1.7588231120002,-0.0202177076790959,0.102000288324803,2,,,
Stare Miasto,52.857,18.3202324744788,11.1225141,7.1977183744788,7.83310637349021,3.11657811247473,7.37054798851389,4.9077314,1.7828124,5.405058,2.92537497349021,1.33376571247473,1.96548998851389,8,,,
Strachocin - Swojczyce - Wojnów,16.544,4.36535701712617,3.8127072,0.55264981712617,0.654901559369089,1.90518769214779,1.8052677656093,1.9954288,1.3034808,1.991636,-1.34052724063091,0.601706892147786,-0.186368234390702,3,,,
Świniary,3.148,1.41585913147131,1.1160924,0.29976673147131,2.23890186107436,0.586689194291973,1.1538889950936,0.9210696,1.1266536,0.732412,1.31783226107436,-0.539964405708027,0.421476995093597,6,,,
Szczepin,44.655,8.26375209569372,9.4714515,-1.20769940430628,0.880068795180593,1.76289811747787,0.297193288308205,4.249931,1.674546,4.63407,-3.36986220481941,0.0883521174778725,-4.33687671169179,3,,,
Tarnogaj,37.988,6.89039245987922,8.1293844,-1.23899194012078,2.16455637052416,0.692449444929067,4.03338664442599,3.7152376,1.5865416,4.007372,-1.55068122947584,-0.894092155070933,0.0260146444259926,2,,,
Widawa,23.726,5.00361323459499,5.2584438,-0.25483056540501,0.964617245187673,1.09611081255499,2.94288517685232,2.5714252,1.3982832,2.666744,-1.60680795481233,-0.302172387445005,0.276141176852317,2,,,
Wojszyce,44.771,6.77847782510276,9.4948023,-2.71632447489724,0.904280281841838,0.204568710520586,5.66962883274034,4.2592342,1.6760772,4.644974,-3.35495391815816,-1.47150848947941,1.02465483274034,2,,,
Zacisze - Zalesie - Szczytniki,32.16,12.5171355363651,6.956208,5.5609275363651,1.80384662956813,7.04289234109294,3.67039656570401,3.247832,1.509612,3.45954,-1.44398537043187,5.53328034109294,0.210856565704006,4,,,
Żerniki,26.687,4.43746936870831,5.8544931,-1.41702373129169,0.672641413300212,0.608866452031023,3.15596150337708,2.8088974,1.4373684,2.945078,-2.13625598669979,-0.828501947968977,0.210883503377079,2,,,
