neighbourhood,area_km2,built_up_area_share_pct,total_length_km,total_density_km_km2,dedicated_length_km,recreational_length_km,shared_length_km,dedicated_share_pct,recreational_share_pct,shared_share_pc,expected_density_km_km2,density_gap_km_km2,dedicated_density_gap,recreational_density_gap,shared_density_gap,deviation_type
Bieńkowice,1.43,11.63,3.64,2.54,0.33,1.03,2.29,8.96,28.22,62.81,2.82,-0.28,-1.37,-0.52,0.07,2.00
Biskupin - Sępolno - Dąbie - Bartoszowice,5.90,40.88,73.29,12.42,14.92,23.19,35.18,20.35,31.65,48.00,8.71,3.70,-1.42,2.30,1.68,4.00
Borek,2.76,55.43,33.09,11.97,10.26,6.82,16.02,31.00,20.60,48.40,11.64,0.33,-1.40,0.65,0.15,4.00
Brochów,3.74,27.14,22.39,5.99,1.07,5.58,15.75,4.77,24.90,70.32,5.95,0.05,-2.56,0.05,1.23,4.00
Gądów - Popowice Płd.,3.14,41.17,15.79,5.04,7.04,1.80,6.95,44.57,11.40,44.02,8.77,-3.73,-0.98,1.28,2.76,4.00
Gaj,2.59,39.92,40.64,15.70,9.38,9.11,22.15,23.07,22.42,54.51,8.52,7.18,-3.04,-0.69,1.04,2.00
Gajowice,1.71,55.87,18.07,10.59,2.15,2.39,13.54,11.89,13.22,74.89,11.73,-1.13,-1.02,-0.77,-1.61,1.00
Grabiszyn - Grabiszynek,4.10,42.34,45.40,11.07,13.73,15.34,16.33,30.24,33.78,35.98,9.01,2.06,-0.72,2.09,-0.43,3.00
Huby,2.07,45.60,29.93,14.49,14.15,5.77,10.01,47.29,19.28,33.43,9.66,4.83,2.53,1.11,0.12,8.00
Jagodno,3.43,45.89,21.09,6.15,6.09,0.74,14.25,28.89,3.53,67.58,9.72,-3.57,-2.57,-1.47,-0.59,1.00
Jerzmanowo - Jarnołtów - Strachowice - Osiniec,17.23,10.62,23.07,1.34,9.58,3.08,10.41,41.53,13.35,45.12,2.62,-1.28,-0.96,-1.05,-0.83,1.00
Karłowice - Różanka,11.10,36.06,72.21,6.50,27.85,10.45,33.91,38.57,14.47,46.96,7.74,-1.24,-1.05,-0.62,-0.77,1.00
Klecina,3.77,31.98,19.49,5.18,7.29,2.16,10.05,37.38,11.08,51.54,6.92,-1.74,-1.30,-0.93,-0.77,1.00
Kleczków,1.88,33.48,10.51,5.59,4.72,2.18,3.62,44.87,20.70,34.42,7.22,-1.63,-0.85,-0.37,-1.66,1.00
Kowale,6.43,28.24,23.42,3.64,4.30,7.50,11.62,18.38,32.01,49.61,6.17,-2.53,-2.26,-0.29,-1.28,1.00
Krzyki - Partynice,5.26,50.83,46.78,8.90,8.64,8.04,30.10,18.47,17.18,64.35,10.71,-1.81,-3.10,-0.23,0.51,2.00
Księże,10.61,12.30,30.23,2.85,0.07,17.82,12.34,0.23,58.94,40.83,2.96,-0.11,-1.65,0.43,-0.43,3.00
Kuźniki,1.46,44.08,13.01,8.89,0.55,1.02,11.43,4.23,7.87,87.90,9.36,-0.46,-3.83,-0.97,3.24,2.00
Leśnica,41.00,16.61,134.87,3.29,21.47,45.27,68.13,15.92,33.57,50.52,3.83,-0.54,-1.48,-0.20,-0.34,1.00
Lipa Piotrowska,2.89,34.23,11.01,3.81,5.00,0.34,5.67,45.39,3.12,51.49,7.37,-3.56,-1.68,-1.42,-1.69,1.00
Maślice,6.61,29.00,35.10,5.31,5.64,5.87,23.59,16.07,16.72,67.21,6.32,-1.01,-2.14,-0.58,0.41,2.00
Muchobór Mały,4.97,34.60,24.68,4.96,8.44,0.40,15.84,34.20,1.63,64.18,7.45,-2.48,-1.75,-1.46,-0.50,1.00
Muchobór Wielki,6.88,30.37,30.01,4.36,5.90,3.21,20.90,19.66,10.69,69.65,6.60,-2.23,-2.25,-1.02,-0.25,1.00
Nadodrze,1.99,55.99,28.37,14.29,11.61,5.66,11.10,40.93,19.97,39.11,11.75,2.53,0.69,1.03,-0.11,7.00
Nowy Dwór,1.91,30.72,20.26,10.62,6.06,0.05,14.15,29.93,0.23,69.84,6.67,3.95,0.05,-1.47,4.09,6.00
Ołbin,2.61,45.80,31.21,11.95,6.61,7.96,16.64,21.18,25.50,53.33,9.70,2.25,-1.81,1.36,1.63,4.00
Ołtaszyn,3.37,51.38,28.74,8.53,1.55,1.49,25.70,5.38,5.19,89.43,10.82,-2.29,-4.33,-1.32,2.37,2.00
Oporów,6.46,38.32,32.28,5.00,8.33,3.56,20.38,25.81,11.04,63.15,8.20,-3.20,-2.45,-1.04,-0.88,1.00
Osobowice - Rędzin,18.65,3.16,67.97,3.64,7.68,46.21,14.08,11.29,68.00,20.71,1.12,2.53,-0.51,1.35,0.02,4.00
Pawłowice,4.45,17.65,14.51,3.27,0.00,1.47,13.04,0,10.15,89.85,4.04,-0.77,-2.08,-0.99,0.84,2.00
Pilczyce - Kozanów - Popowice Płn.,8.53,22.24,84.47,9.90,24.37,37.90,22.19,28.85,44.87,26.28,4.96,4.94,0.40,3.06,0.07,8.00
Plac Grunwaldzki,1.45,63.91,17.20,11.90,8.09,1.72,7.40,47.01,9.99,43.00,13.35,-1.44,-0.20,-0.74,-1.33,1.00
Polanowice - Poświętne - Ligota,5.65,25.66,24.93,4.41,6.41,2.32,16.20,25.71,9.31,64.98,5.65,-1.23,-1.59,-1.01,0.02,2.00
Powstańców Śląskich,2.37,57.77,24.94,10.50,9.78,3.03,12.12,39.24,12.16,48.61,12.11,-1.61,-1.18,-0.57,-0.76,1.00
Pracze Odrzańskie,10.02,10.91,26.49,2.64,1.96,18.75,5.77,7.42,70.79,21.79,2.68,-0.03,-1.35,0.64,-0.89,3.00
Przedmieście Oławskie,5.97,27.57,44.48,7.45,24.61,12.59,7.29,55.32,28.29,16.38,6.03,1.42,1.24,0.66,-1.81,7.00
Przedmieście Świdnickie,1.51,64.33,20.16,13.38,9.48,3.99,6.70,47.01,19.76,33.22,13.43,-0.05,0.46,0.71,-2.04,7.00
Psie Pole - Zawidawie,16.45,26.09,55.06,3.35,7.84,16.20,31.03,14.23,29.42,56.35,5.73,-2.39,-2.28,-0.45,-1.00,1.00
Sołtysowice,4.55,15.64,15.66,3.44,0.75,5.78,9.13,4.76,36.91,58.32,3.63,-0.19,-1.76,-0.02,0.10,2.00
Stare Miasto,2.00,52.86,36.68,18.32,15.68,6.24,14.76,42.76,17.01,40.23,11.12,7.20,2.93,1.33,1.97,8.00
Strachocin - Swojczyce - Wojnów,12.49,16.54,54.51,4.37,8.18,23.79,22.54,15.00,43.64,41.35,3.81,0.55,-1.34,0.60,-0.19,3.00
Świniary,9.14,3.15,12.94,1.42,3.87,7.76,1.31,29.93,59.96,10.11,1.12,0.30,1.32,-0.54,0.42,6.00
Szczepin,4.40,44.66,36.36,8.26,20.46,5.36,10.54,56.26,14.74,29.00,9.47,-1.21,-3.37,0.09,-4.34,3.00
Tarnogaj,2.95,37.99,20.31,6.89,6.38,2.04,11.89,31.41,10.05,58.54,8.13,-1.24,-1.55,-0.89,0.03,2.00
Widawa,4.10,23.73,20.51,5.00,3.95,4.49,12.07,19.28,21.91,58.82,5.26,-0.25,-1.61,-0.30,0.28,2.00
Wojszyce,3.27,44.77,22.17,6.78,2.96,0.67,18.54,13.34,3.02,83.64,9.49,-2.72,-3.35,-1.47,1.02,2.00
Zacisze - Zalesie - Szczytniki,3.67,32.16,45.94,12.52,6.62,25.85,13.47,14.41,56.27,29.32,6.96,5.56,-1.44,5.53,0.21,4.00
Żerniki,3.91,26.69,17.35,4.44,2.63,2.38,12.34,15.16,13.72,71.12,5.85,-1.42,-2.14,-0.83,0.21,2.00
